,Accuracy,AUC,Precision,Recall,F1,MCC
logistic_regression,0.8804347826086957,0.9357277882797732,0.8333333333333334,0.6521739130434783,0.7317073170731707,0.6644105970267493
decision_tree,0.8586956521739131,0.7898550724637682,0.75,0.6521739130434783,0.6976744186046512,0.6085806194501846
knn,0.8858695652173914,0.893588531821046,0.8378378378378378,0.6739130434782609,0.7469879518072289,0.6810815188364802
naive_bayes,0.8043478260869565,0.90059861373661,0.5675675675675675,0.9130434782608695,0.7,0.601526858780688
random_forest,0.8858695652173914,0.9165879017013232,0.8571428571428571,0.6521739130434783,0.7407407407407407,0.6795652173468537
xgboost,0.8695652173913043,0.8922495274102079,0.8055555555555556,0.6304347826086957,0.7073170731707317,0.6327719971683327
